{"accuracy": [0.9186296463012695, 0.9733518362045288, 0.9808148145675659, 0.9828703999519348, 0.9868888854980469, 0.9886666536331177, 0.9891111254692078, 0.9898518323898315, 0.9912777543067932, 0.9911110997200012, 0.9925185441970825, 0.99272221326828, 0.9934259057044983, 0.9938703775405884], "val_accuracy": [0.9764999747276306, 0.987333357334137, 0.9868333339691162, 0.9893333315849304, 0.9916666746139526, 0.9909999966621399, 0.9904999732971191, 0.9925000071525574, 0.9928333163261414, 0.9915000200271606, 0.9915000200271606, 0.9925000071525574, 0.9916666746139526, 0.9925000071525574], "loss": [0.2689835727214813, 0.08411574363708496, 0.06195423752069473, 0.05153636634349823, 0.04211082309484482, 0.036360155791044235, 0.03333220258355141, 0.03036758303642273, 0.026293503120541573, 0.02544051595032215, 0.023496828973293304, 0.02142733335494995, 0.019846253097057343, 0.019024580717086792], "val_loss": [0.0773523822426796, 0.0460803285241127, 0.04512598738074303, 0.03580310568213463, 0.031192563474178314, 0.028775585815310478, 0.028234098106622696, 0.028805511072278023, 0.02585413306951523, 0.02875342033803463, 0.027452683076262474, 0.02872837521135807, 0.031579501926898956, 0.029282929375767708]}